Member State,THCODE,THEMATIC OBJECTIVE,FUND,TOTAL AMOUNT (â‚¬),% of TOTAL ALLOCATION
Austria,1,Research and innovation,ERDF,206235238,
Austria,1,Research and innovation,ESF,,
Austria,1,Research and innovation,CF,,
Austria,1,Research and innovation,Total,206235238,21.9%
Austria,2,Information and communication technologies,ERDF,,
Austria,2,Information and communication technologies,ESF,,
Austria,2,Information and communication technologies,CF,,
Austria,2,Information and communication technologies,Total,,0%
Austria,3,SME competitiveness,ERDF,164732433,
Austria,3,SME competitiveness,ESF,,
Austria,3,SME competitiveness,CF,,
Austria,3,SME competitiveness,Total,164732433,17.5%
Austria,4,Low carbon economy,ERDF,118156167,
Austria,4,Low carbon economy,ESF,,
Austria,4,Low carbon economy,CF,,
Austria,4,Low carbon economy,Total,118156167,12.6%
Austria,5,Climate change and risk prevention,ERDF,,
Austria,5,Climate change and risk prevention,ESF,,
Austria,5,Climate change and risk prevention,CF,,
Austria,5,Climate change and risk prevention,Total,,0%
Austria,6,Environment and resource efficiency,ERDF,4850000,
Austria,6,Environment and resource efficiency,ESF,,
Austria,6,Environment and resource efficiency,CF,,
Austria,6,Environment and resource efficiency,Total,4850000,0.5%
Austria,7,Transport and energy networks,ERDF,,
Austria,7,Transport and energy networks,ESF,,
Austria,7,Transport and energy networks,CF,,
Austria,7,Transport and energy networks,Total,,0%
Austria,8,Employment and labour market,ERDF,10000000,
Austria,8,Employment and labour market,ESF,76697349,
Austria,8,Employment and labour market,CF,,
Austria,8,Employment and labour market,Total,86697349,9.2%
Austria,9,Social inclusion,ERDF,11437640,
Austria,9,Social inclusion,ESF,137642139,
Austria,9,Social inclusion,CF,,
Austria,9,Social inclusion,Total,149079779,15.8%
Austria,10,Education and training,ERDF,,
Austria,10,Education and training,ESF,211448374,
Austria,10,Education and training,CF,,
Austria,10,Education and training,Total,211448374,22.5%
Austria,11,Efficient public administration,ERDF,,
Austria,11,Efficient public administration,ESF,,
Austria,11,Efficient public administration,CF,,
Austria,11,Efficient public administration,Total,,0%
Austria,,Technical Assistance,ERDF,21449281,
Austria,,Technical Assistance,ESF,25793367,
Austria,,Technical Assistance,CF,,
Austria,,Technical Assistance,Total,47242648,
Belgium,1,Research and innovation,ERDF,263516462,
Belgium,1,Research and innovation,ESF,,
Belgium,1,Research and innovation,CF,,
Belgium,1,Research and innovation,Total,263516462,13.7%
Belgium,2,Information and communication technologies,ERDF,,
Belgium,2,Information and communication technologies,ESF,,
Belgium,2,Information and communication technologies,CF,,
Belgium,2,Information and communication technologies,Total,,0%
Belgium,3,SME competitiveness,ERDF,242772668,
Belgium,3,SME competitiveness,ESF,,
Belgium,3,SME competitiveness,CF,,
Belgium,3,SME competitiveness,Total,242772668,12.7%
Belgium,4,Low carbon economy,ERDF,196580488,
Belgium,4,Low carbon economy,ESF,,
Belgium,4,Low carbon economy,CF,,
Belgium,4,Low carbon economy,Total,196580488,10.3%
Belgium,5,Climate change and risk prevention,ERDF,5644156,
Belgium,5,Climate change and risk prevention,ESF,,
Belgium,5,Climate change and risk prevention,CF,,
Belgium,5,Climate change and risk prevention,Total,5644156,0.3%
Belgium,6,Environment and resource efficiency,ERDF,169442328,
Belgium,6,Environment and resource efficiency,ESF,,
Belgium,6,Environment and resource efficiency,CF,,
Belgium,6,Environment and resource efficiency,Total,169442328,8.8%
Belgium,7,Transport and energy networks,ERDF,,
Belgium,7,Transport and energy networks,ESF,,
Belgium,7,Transport and energy networks,CF,,
Belgium,7,Transport and energy networks,Total,,0%
Belgium,8,Employment and labour market,ERDF,12500000,
Belgium,8,Employment and labour market,ESF,68403473,
Belgium,8,Employment and labour market,CF,,
Belgium,8,Employment and labour market,Total,80903473,19%
Belgium,9,Social inclusion,ERDF,9244000,
Belgium,9,Social inclusion,ESF,136442139,
Belgium,9,Social inclusion,CF,,
Belgium,9,Social inclusion,Total,145686139,18.7%
Belgium,10,Education and training,ERDF,,
Belgium,10,Education and training,ESF,211448374,
Belgium,10,Education and training,CF,,
Belgium,10,Education and training,Total,211448374,16.5%
Belgium,11,Efficient public administration,ERDF,,
Belgium,11,Efficient public administration,ESF,,
Belgium,11,Efficient public administration,CF,,
Belgium,11,Efficient public administration,Total,,0%
Belgium,,Technical Assistance,ERDF,24356491,
Belgium,,Technical Assistance,ESF,36585923,
Belgium,,Technical Assistance,CF,,
Belgium,,Technical Assistance,Total,60942414,
Bulgaria,1,Research and innovation,ERDF,488202394,
Bulgaria,1,Research and innovation,ESF,,
Bulgaria,1,Research and innovation,CF,,
Bulgaria,1,Research and innovation,Total,488202394,6.9%
Bulgaria,2,Information and communication technologies,ERDF,,
Bulgaria,2,Information and communication technologies,ESF,,
Bulgaria,2,Information and communication technologies,CF,,
Bulgaria,2,Information and communication technologies,Total,,0%
Bulgaria,3,SME competitiveness,ERDF,592868242,
Bulgaria,3,SME competitiveness,ESF,,
Bulgaria,3,SME competitiveness,CF,,
Bulgaria,3,SME competitiveness,Total,592868242,8.4%
Bulgaria,4,Low carbon economy,ERDF,918717006,
Bulgaria,4,Low carbon economy,ESF,,
Bulgaria,4,Low carbon economy,CF,,
Bulgaria,4,Low carbon economy,Total,918717006,13%
Bulgaria,5,Climate change and risk prevention,ERDF,,
Bulgaria,5,Climate change and risk prevention,ESF,,
Bulgaria,5,Climate change and risk prevention,CF,66749074,
Bulgaria,5,Climate change and risk prevention,Total,66749074,0.9%
Bulgaria,6,Environment and resource efficiency,ERDF,169442328,
Bulgaria,6,Environment and resource efficiency,ESF,,
Bulgaria,6,Environment and resource efficiency,CF,1066870809,
Bulgaria,6,Environment and resource efficiency,Total,1236313137,24.7%
Bulgaria,7,Transport and energy networks,ERDF,281542473,
Bulgaria,7,Transport and energy networks,ESF,,
Bulgaria,7,Transport and energy networks,CF,1144687261,
Bulgaria,7,Transport and energy networks,Total,1426229734,20.2%
Bulgaria,8,Employment and labour market,ERDF,,
Bulgaria,8,Employment and labour market,ESF,441038259,
Bulgaria,8,Employment and labour market,CF,,
Bulgaria,8,Employment and labour market,Total,441038259,6.2%
Bulgaria,9,Social inclusion,ERDF,253160000,
Bulgaria,9,Social inclusion,ESF,407500275,
Bulgaria,9,Social inclusion,CF,,
Bulgaria,9,Social inclusion,Total,660660275,9.3%
Bulgaria,10,Education and training,ERDF,188900587,
Bulgaria,10,Education and training,ESF,293962885,
Bulgaria,10,Education and training,CF,,
Bulgaria,10,Education and training,Total,482863472,6.8%
Bulgaria,11,Efficient public administration,ERDF,,
Bulgaria,11,Efficient public administration,ESF,251473110,
Bulgaria,11,Efficient public administration,CF,,
Bulgaria,11,Efficient public administration,Total,251473110,3.6%
Bulgaria,,Technical Assistance,ERDF,167050724,
Bulgaria,,Technical Assistance,ESF,127653247,
Bulgaria,,Technical Assistance,CF,,
Bulgaria,,Technical Assistance,Total,294703971,
Croatia,1,Research and innovation,ERDF,664792165,
Croatia,1,Research and innovation,ESF,,
Croatia,1,Research and innovation,CF,,
Croatia,1,Research and innovation,Total,664792165,8.2%
Croatia,2,Information and communication technologies,ERDF,307952676,
Croatia,2,Information and communication technologies,ESF,,
Croatia,2,Information and communication technologies,CF,,
Croatia,2,Information and communication technologies,Total,307952676,3.8%
Croatia,3,SME competitiveness,ERDF,970000000,
Croatia,3,SME competitiveness,ESF,,
Croatia,3,SME competitiveness,CF,,
Croatia,3,SME competitiveness,Total,970000000,12%
Croatia,4,Low carbon economy,ERDF,531810805,
Croatia,4,Low carbon economy,ESF,,
Croatia,4,Low carbon economy,CF,,
Croatia,4,Low carbon economy,Total,531810805,6.6%
Croatia,5,Climate change and risk prevention,ERDF,245396147,
Croatia,5,Climate change and risk prevention,ESF,,
Croatia,5,Climate change and risk prevention,CF,,
Croatia,5,Climate change and risk prevention,Total,245396147,3%
Croatia,6,Environment and resource efficiency,ERDF,338020392,
Croatia,6,Environment and resource efficiency,ESF,,
Croatia,6,Environment and resource efficiency,CF,1649340216,
Croatia,6,Environment and resource efficiency,Total,1987360608,24.6%
Croatia,7,Transport and energy networks,ERDF,400000000,
Croatia,7,Transport and energy networks,ESF,,
Croatia,7,Transport and energy networks,CF,910205755,
Croatia,7,Transport and energy networks,Total,1310205755,16.2%
Croatia,8,Employment and labour market,ERDF,,
Croatia,8,Employment and labour market,ESF,466756128,
Croatia,8,Employment and labour market,CF,,
Croatia,8,Employment and labour market,Total,466756128,5.8%
Croatia,9,Social inclusion,ERDF,356500000,
Croatia,9,Social inclusion,ESF,328000000,
Croatia,9,Social inclusion,CF,,
Croatia,9,Social inclusion,Total,684500000,8.5%
Croatia,10,Education and training,ERDF,270914791,
Croatia,10,Education and training,ESF,450000000,
Croatia,10,Education and training,CF,,
Croatia,10,Education and training,Total,720914791,8.9%
Croatia,11,Efficient public administration,ERDF,,
Croatia,11,Efficient public administration,ESF,191276944,
Croatia,11,Efficient public administration,CF,,
Croatia,11,Efficient public administration,Total,191276944,2.4%
Croatia,,Technical Assistance,ERDF,236112612,
Croatia,,Technical Assistance,ESF,80000000,
Croatia,,Technical Assistance,CF,,
Croatia,,Technical Assistance,Total,316112612,
Cyprus,1,Research and innovation,ERDF,70000000,
Cyprus,1,Research and innovation,ESF,,
Cyprus,1,Research and innovation,CF,,
Cyprus,1,Research and innovation,Total,70000000,10.5%
Cyprus,2,Information and communication technologies,ERDF,73500000,
Cyprus,2,Information and communication technologies,ESF,,
Cyprus,2,Information and communication technologies,CF,,
Cyprus,2,Information and communication technologies,Total,73500000,11%
Cyprus,3,SME competitiveness,ERDF,70000000,
Cyprus,3,SME competitiveness,ESF,,
Cyprus,3,SME competitiveness,CF,,
Cyprus,3,SME competitiveness,Total,70000000,10.5%
Cyprus,4,Low carbon economy,ERDF,13000000,
Cyprus,4,Low carbon economy,ESF,,
Cyprus,4,Low carbon economy,CF,32000000,
Cyprus,4,Low carbon economy,Total,45000000,6.7%
Cyprus,5,Climate change and risk prevention,ERDF,,
Cyprus,5,Climate change and risk prevention,ESF,,
Cyprus,5,Climate change and risk prevention,CF,10000000,
Cyprus,5,Climate change and risk prevention,Total,10000000,1.5%
Cyprus,6,Environment and resource efficiency,ERDF,30000000,
Cyprus,6,Environment and resource efficiency,ESF,,
Cyprus,6,Environment and resource efficiency,CF,127000000,
Cyprus,6,Environment and resource efficiency,Total,157000000,23.5%
Cyprus,7,Transport and energy networks,ERDF,14250000,
Cyprus,7,Transport and energy networks,ESF,,
Cyprus,7,Transport and energy networks,CF,85000000,
Cyprus,7,Transport and energy networks,Total,99250000,14.9%
Cyprus,8,Employment and labour market,ERDF,,
Cyprus,8,Employment and labour market,ESF,69500000,
Cyprus,8,Employment and labour market,CF,,
Cyprus,8,Employment and labour market,Total,69500000,10.4%
Cyprus,9,Social inclusion,ERDF,15000000,
Cyprus,9,Social inclusion,ESF,27000000,
Cyprus,9,Social inclusion,CF,,
Cyprus,9,Social inclusion,Total,42000000,6.3%
Cyprus,10,Education and training,ERDF,,
Cyprus,10,Education and training,ESF,26000000,
Cyprus,10,Education and training,CF,,
Cyprus,10,Education and training,Total,26000000,3.9%
Cyprus,11,Efficient public administration,ERDF,,
Cyprus,11,Efficient public administration,ESF,5055000,
Cyprus,11,Efficient public administration,CF,,
Cyprus,11,Efficient public administration,Total,5055000,0.8%
Cyprus,,Technical Assistance,ERDF,6549018,
Cyprus,,Technical Assistance,ESF,1933887,
Cyprus,,Technical Assistance,CF,15541702,
Cyprus,,Technical Assistance,Total,24024607,
Czech republic,1,Research and innovation,ERDF,2421050980,
Czech republic,1,Research and innovation,ESF,,
Czech republic,1,Research and innovation,CF,,
Czech republic,1,Research and innovation,Total,2421050980,11.6%
Czech republic,2,Information and communication technologies,ERDF,1025806133,
Czech republic,2,Information and communication technologies,ESF,,
Czech republic,2,Information and communication technologies,CF,,
Czech republic,2,Information and communication technologies,Total,1025806133,4.9%
Czech republic,3,SME competitiveness,ERDF,892130143,
Czech republic,3,SME competitiveness,ESF,,
Czech republic,3,SME competitiveness,CF,,
Czech republic,3,SME competitiveness,Total,892130143,4.3%
Czech republic,4,Low carbon economy,ERDF,1720569475,
Czech republic,4,Low carbon economy,ESF,,
Czech republic,4,Low carbon economy,CF,509626952,
Czech republic,4,Low carbon economy,Total,2230196427,10.7%
Czech republic,5,Climate change and risk prevention,ERDF,173640003,
Czech republic,5,Climate change and risk prevention,ESF,,
Czech republic,5,Climate change and risk prevention,CF,453242155,
Czech republic,5,Climate change and risk prevention,Total,626882158,3%
Czech republic,6,Environment and resource efficiency,ERDF,777013397,
Czech republic,6,Environment and resource efficiency,ESF,,
Czech republic,6,Environment and resource efficiency,CF,1205075137,
Czech republic,6,Environment and resource efficiency,Total,1982088534,9.5%
Czech republic,7,Transport and energy networks,ERDF,2519745264,
Czech republic,7,Transport and energy networks,ESF,,
Czech republic,7,Transport and energy networks,CF,3723015754,
Czech republic,7,Transport and energy networks,Total,6242761018,30%
Czech republic,8,Employment and labour market,ERDF,6652474,
Czech republic,8,Employment and labour market,ESF,1283683716,
Czech republic,8,Employment and labour market,CF,,
Czech republic,8,Employment and labour market,Total,1290336190,6.2%
Czech republic,9,Social inclusion,ERDF,1037378062,
Czech republic,9,Social inclusion,ESF,1512161471,
Czech republic,9,Social inclusion,CF,,
Czech republic,9,Social inclusion,Total,2549539533,12.3%
Czech republic,10,Education and training,ERDF,899317340,
Czech republic,10,Education and training,ESF,428757043,
Czech republic,10,Education and training,CF,,
Czech republic,10,Education and training,Total,1328074383,6.4%
Czech republic,11,Efficient public administration,ERDF,94506295,
Czech republic,11,Efficient public administration,ESF,112595903,
Czech republic,11,Efficient public administration,CF,,
Czech republic,11,Efficient public administration,Total,207102198,1%
Czech republic,,Technical Assistance,ERDF,372880065,
Czech republic,,Technical Assistance,ESF,92805105,
Czech republic,,Technical Assistance,CF,367965724,
Czech republic,,Technical Assistance,Total,833650894,
Denmark,1,Research and innovation,ERDF,87554436,
Denmark,1,Research and innovation,ESF,,
Denmark,1,Research and innovation,CF,,
Denmark,1,Research and innovation,Total,87554436,22.2%
Denmark,2,Information and communication technologies,ERDF,,
Denmark,2,Information and communication technologies,ESF,,
Denmark,2,Information and communication technologies,CF,,
Denmark,2,Information and communication technologies,Total,,0%
Denmark,3,SME competitiveness,ERDF,68002039,
Denmark,3,SME competitiveness,ESF,,
Denmark,3,SME competitiveness,CF,,
Denmark,3,SME competitiveness,Total,68002039,17.3%
Denmark,4,Low carbon economy,ERDF,41451729,
Denmark,4,Low carbon economy,ESF,,
Denmark,4,Low carbon economy,CF,,
Denmark,4,Low carbon economy,Total,41451729,10.5%
Denmark,5,Climate change and risk prevention,ERDF,,
Denmark,5,Climate change and risk prevention,ESF,,
Denmark,5,Climate change and risk prevention,CF,,
Denmark,5,Climate change and risk prevention,Total,,0%
Denmark,6,Environment and resource efficiency,ERDF,,
Denmark,6,Environment and resource efficiency,ESF,,
Denmark,6,Environment and resource efficiency,CF,,
Denmark,6,Environment and resource efficiency,Total,,0%
Denmark,7,Transport and energy networks,ERDF,,
Denmark,7,Transport and energy networks,ESF,,
Denmark,7,Transport and energy networks,CF,,
Denmark,7,Transport and energy networks,Total,,0%
Denmark,8,Employment and labour market,ERDF,77759850,
Denmark,8,Employment and labour market,ESF,,
Denmark,8,Employment and labour market,CF,,
Denmark,8,Employment and labour market,Total,77759850,19.7%
Denmark,9,Social inclusion,ERDF,,
Denmark,9,Social inclusion,ESF,41477688,
Denmark,9,Social inclusion,CF,,
Denmark,9,Social inclusion,Total,41477688,10.5%
Denmark,10,Education and training,ERDF,,
Denmark,10,Education and training,ESF,77770666,
Denmark,10,Education and training,CF,,
Denmark,10,Education and training,Total,77770666,19.7%
Denmark,11,Efficient public administration,ERDF,,
Denmark,11,Efficient public administration,ESF,,
Denmark,11,Efficient public administration,CF,,
Denmark,11,Efficient public administration,Total,,0%
Denmark,,Technical Assistance,ERDF,9607637,
Denmark,,Technical Assistance,ESF,9607637,
Denmark,,Technical Assistance,CF,,
Denmark,,Technical Assistance,Total,19215274,
Estonia,1,Research and innovation,ERDF,642313830,
Estonia,1,Research and innovation,ESF,,
Estonia,1,Research and innovation,CF,,
Estonia,1,Research and innovation,Total,642313830,18.8%
Estonia,2,Information and communication technologies,ERDF,84574468,
Estonia,2,Information and communication technologies,ESF,,
Estonia,2,Information and communication technologies,CF,,
Estonia,2,Information and communication technologies,Total,84574468,2.5%
Estonia,3,SME competitiveness,ERDF,301329787,
Estonia,3,SME competitiveness,ESF,,
Estonia,3,SME competitiveness,CF,,
Estonia,3,SME competitiveness,Total,301329787,8.8%
Estonia,4,Low carbon economy,ERDF,48936170,
Estonia,4,Low carbon economy,ESF,,
Estonia,4,Low carbon economy,CF,247117021,
Estonia,4,Low carbon economy,Total,296053191,8.6%
Estonia,5,Climate change and risk prevention,ERDF,,
Estonia,5,Climate change and risk prevention,ESF,,
Estonia,5,Climate change and risk prevention,CF,56259043,
Estonia,5,Climate change and risk prevention,Total,56259043,1.6%
Estonia,6,Environment and resource efficiency,ERDF,,
Estonia,6,Environment and resource efficiency,ESF,,
Estonia,6,Environment and resource efficiency,CF,254292553,
Estonia,6,Environment and resource efficiency,Total,254292553,7.4%
Estonia,7,Transport and energy networks,ERDF,,
Estonia,7,Transport and energy networks,ESF,,
Estonia,7,Transport and energy networks,CF,475904255,
Estonia,7,Transport and energy networks,Total,475904255,13.9%
Estonia,8,Employment and labour market,ERDF,166305585,
Estonia,8,Employment and labour market,ESF,228122335,
Estonia,8,Employment and labour market,CF,,
Estonia,8,Employment and labour market,Total,394427920,11.5%
Estonia,9,Social inclusion,ERDF,254458777,
Estonia,9,Social inclusion,ESF,133753104,
Estonia,9,Social inclusion,CF,,
Estonia,9,Social inclusion,Total,388211881,11.3%
Estonia,10,Education and training,ERDF,217897992,
Estonia,10,Education and training,ESF,194889771,
Estonia,10,Education and training,CF,,
Estonia,10,Education and training,Total,412787763,12.1%
Estonia,11,Efficient public administration,ERDF,89132979,
Estonia,11,Efficient public administration,ESF,30211800,
Estonia,11,Efficient public administration,CF,,
Estonia,11,Efficient public administration,Total,119344779,3.5%
Estonia,,Technical Assistance,ERDF,69311805,
Estonia,,Technical Assistance,ESF,,
Estonia,,Technical Assistance,CF,39749010,
Estonia,,Technical Assistance,Total,109060815,
Finland,1,Research and innovation,ERDF,316627362,
Finland,1,Research and innovation,ESF,,
Finland,1,Research and innovation,CF,,
Finland,1,Research and innovation,Total,316627362,25%
Finland,2,Information and communication technologies,ERDF,,
Finland,2,Information and communication technologies,ESF,,
Finland,2,Information and communication technologies,CF,,
Finland,2,Information and communication technologies,Total,,0%
Finland,3,SME competitiveness,ERDF,258074617,
Finland,3,SME competitiveness,ESF,,
Finland,3,SME competitiveness,CF,,
Finland,3,SME competitiveness,Total,258074617,20.4%
Finland,4,Low carbon economy,ERDF,190793147,
Finland,4,Low carbon economy,ESF,,
Finland,4,Low carbon economy,CF,,
Finland,4,Low carbon economy,Total,190793147,15.1%
Finland,5,Climate change and risk prevention,ERDF,,
Finland,5,Climate change and risk prevention,ESF,,
Finland,5,Climate change and risk prevention,CF,,
Finland,5,Climate change and risk prevention,Total,,0%
Finland,6,Environment and resource efficiency,ERDF,,
Finland,6,Environment and resource efficiency,ESF,,
Finland,6,Environment and resource efficiency,CF,,
Finland,6,Environment and resource efficiency,Total,,0%
Finland,7,Transport and energy networks,ERDF,,
Finland,7,Transport and energy networks,ESF,,
Finland,7,Transport and energy networks,CF,,
Finland,7,Transport and energy networks,Total,,0%
Finland,8,Employment and labour market,ERDF,,
Finland,8,Employment and labour market,ESF,234474603,
Finland,8,Employment and labour market,CF,,
Finland,8,Employment and labour market,Total,234474603,18.5%
Finland,9,Social inclusion,ERDF,,
Finland,9,Social inclusion,ESF,99955334,
Finland,9,Social inclusion,CF,,
Finland,9,Social inclusion,Total,99955334,7.9%
Finland,10,Education and training,ERDF,,
Finland,10,Education and training,ESF,165346736,
Finland,10,Education and training,CF,,
Finland,10,Education and training,Total,165346736,13.1%
Finland,11,Efficient public administration,ERDF,,
Finland,11,Efficient public administration,ESF,,
Finland,11,Efficient public administration,CF,,
Finland,11,Efficient public administration,Total,,0%
Finland,,Technical Assistance,ERDF,23604330,
Finland,,Technical Assistance,ESF,15580466,
Finland,,Technical Assistance,CF,,
Finland,,Technical Assistance,Total,39184796,
France,1,Research and innovation,ERDF,1542693218,
France,1,Research and innovation,ESF,,
France,1,Research and innovation,CF,,
France,1,Research and innovation,Total,1542693218,11.1%
France,2,Information and communication technologies,ERDF,1032434162,
France,2,Information and communication technologies,ESF,,
France,2,Information and communication technologies,CF,,
France,2,Information and communication technologies,Total,1032434162,7.4%
France,3,SME competitiveness,ERDF,1605488416,
France,3,SME competitiveness,ESF,,
France,3,SME competitiveness,CF,,
France,3,SME competitiveness,Total,1605488416,11.5%
France,4,Low carbon economy,ERDF,1711112185,
France,4,Low carbon economy,ESF,,
France,4,Low carbon economy,CF,,
France,4,Low carbon economy,Total,1711112185,12.3%
France,5,Climate change and risk prevention,ERDF,331965843,
France,5,Climate change and risk prevention,ESF,,
France,5,Climate change and risk prevention,CF,,
France,5,Climate change and risk prevention,Total,331965843,2.4%
France,6,Environment and resource efficiency,ERDF,1008692506,
France,6,Environment and resource efficiency,ESF,,
France,6,Environment and resource efficiency,CF,,
France,6,Environment and resource efficiency,Total,1008692506,7.2%
France,7,Transport and energy networks,ERDF,424488765,
France,7,Transport and energy networks,ESF,,
France,7,Transport and energy networks,CF,,
France,7,Transport and energy networks,Total,424488765,3%
France,8,Employment and labour market,ERDF,44550510,
France,8,Employment and labour market,ESF,2041941370,
France,8,Employment and labour market,CF,,
France,8,Employment and labour market,Total,2086491880,15%
France,9,Social inclusion,ERDF,313412133,
France,9,Social inclusion,ESF,1911212239,
France,9,Social inclusion,CF,,
France,9,Social inclusion,Total,2224624372,16%
France,10,Education and training,ERDF,121887191,
France,10,Education and training,ESF,1832528393,
France,10,Education and training,CF,,
France,10,Education and training,Total,1954415584,14%
France,11,Efficient public administration,ERDF,,
France,11,Efficient public administration,ESF,15710560,
France,11,Efficient public administration,CF,,
France,11,Efficient public administration,Total,15710560,0.1%
France,,Technical Assistance,ERDF,289382847,
France,,Technical Assistance,ESF,225514716,
France,,Technical Assistance,CF,,
France,,Technical Assistance,Total,514897563,
Germany,1,Research and innovation,ERDF,3816570875,
Germany,1,Research and innovation,ESF,,
Germany,1,Research and innovation,CF,,
Germany,1,Research and innovation,Total,3816570875,21.7%
Germany,2,Information and communication technologies,ERDF,,
Germany,2,Information and communication technologies,ESF,,
Germany,2,Information and communication technologies,CF,,
Germany,2,Information and communication technologies,Total,,0%
Germany,3,SME competitiveness,ERDF,2355444999,
Germany,3,SME competitiveness,ESF,,
Germany,3,SME competitiveness,CF,,
Germany,3,SME competitiveness,Total,2355444999,13.4%
Germany,4,Low carbon economy,ERDF,2467404974,
Germany,4,Low carbon economy,ESF,,
Germany,4,Low carbon economy,CF,,
Germany,4,Low carbon economy,Total,2467404974,14%
Germany,5,Climate change and risk prevention,ERDF,452949667,
Germany,5,Climate change and risk prevention,ESF,,
Germany,5,Climate change and risk prevention,CF,,
Germany,5,Climate change and risk prevention,Total,452949667,2.6%
Germany,6,Environment and resource efficiency,ERDF,686911615,
Germany,6,Environment and resource efficiency,ESF,,
Germany,6,Environment and resource efficiency,CF,,
Germany,6,Environment and resource efficiency,Total,686911615,3.9%
Germany,7,Transport and energy networks,ERDF,,
Germany,7,Transport and energy networks,ESF,,
Germany,7,Transport and energy networks,CF,,
Germany,7,Transport and energy networks,Total,,0%
Germany,8,Employment and labour market,ERDF,,
Germany,8,Employment and labour market,ESF,2394417711,
Germany,8,Employment and labour market,CF,,
Germany,8,Employment and labour market,Total,2394417711,13.6%
Germany,9,Social inclusion,ERDF,590957329,
Germany,9,Social inclusion,ESF,2384131274,
Germany,9,Social inclusion,CF,,
Germany,9,Social inclusion,Total,2975088603,16.9%
Germany,10,Education and training,ERDF,,
Germany,10,Education and training,ESF,2417280298,
Germany,10,Education and training,CF,,
Germany,10,Education and training,Total,2417280298,13.8%
Germany,11,Efficient public administration,ERDF,,
Germany,11,Efficient public administration,ESF,,
Germany,11,Efficient public administration,CF,,
Germany,11,Efficient public administration,Total,,0%
Germany,,Technical Assistance,ERDF,403603355,
Germany,,Technical Assistance,ESF,299787037,
Germany,,Technical Assistance,CF,,
Germany,,Technical Assistance,Total,703390392,
Greece,1,Research and innovation,ERDF,935875472,
Greece,1,Research and innovation,ESF,,
Greece,1,Research and innovation,CF,,
Greece,1,Research and innovation,Total,935875472,6.4%
Greece,2,Information and communication technologies,ERDF,785171771,
Greece,2,Information and communication technologies,ESF,,
Greece,2,Information and communication technologies,CF,,
Greece,2,Information and communication technologies,Total,785171771,5.4%
Greece,3,SME competitiveness,ERDF,1328415919,
Greece,3,SME competitiveness,ESF,,
Greece,3,SME competitiveness,CF,,
Greece,3,SME competitiveness,Total,1328415919,9.2%
Greece,4,Low carbon economy,ERDF,1305048319,
Greece,4,Low carbon economy,ESF,,
Greece,4,Low carbon economy,CF,,
Greece,4,Low carbon economy,Total,1305048319,9%
Greece,5,Climate change and risk prevention,ERDF,326277564,
Greece,5,Climate change and risk prevention,ESF,,
Greece,5,Climate change and risk prevention,CF,,
Greece,5,Climate change and risk prevention,Total,326277564,2.2%
Greece,6,Environment and resource efficiency,ERDF,818607027,
Greece,6,Environment and resource efficiency,ESF,,
Greece,6,Environment and resource efficiency,CF,1838108636,
Greece,6,Environment and resource efficiency,Total,2656715663,18.3%
Greece,7,Transport and energy networks,ERDF,1920609632,
Greece,7,Transport and energy networks,ESF,,
Greece,7,Transport and energy networks,CF,1282125816,
Greece,7,Transport and energy networks,Total,3202735448,22.1%
Greece,8,Employment and labour market,ERDF,,
Greece,8,Employment and labour market,ESF,1525759069,
Greece,8,Employment and labour market,CF,,
Greece,8,Employment and labour market,Total,1525759069,10.5%
Greece,9,Social inclusion,ERDF,213433748,
Greece,9,Social inclusion,ESF,789185725,
Greece,9,Social inclusion,CF,,
Greece,9,Social inclusion,Total,1002619474,6.9%
Greece,10,Education and training,ERDF,213433748,
Greece,10,Education and training,ESF,950802414,
Greece,10,Education and training,CF,,
Greece,10,Education and training,Total,1164236162,8%
Greece,11,Efficient public administration,ERDF,,
Greece,11,Efficient public administration,ESF,281126070,
Greece,11,Efficient public administration,CF,,
Greece,11,Efficient public administration,Total,281126070,1.9%
Greece,,Technical Assistance,ERDF,326953050,
Greece,,Technical Assistance,ESF,147786387,
Greece,,Technical Assistance,CF,130009769,
Greece,,Technical Assistance,Total,604749205,
Hungary,1,Research and innovation,ERDF,2148860450,
Hungary,1,Research and innovation,ESF,,
Hungary,1,Research and innovation,CF,,
Hungary,1,Research and innovation,Total,2148860450,10.1%
Hungary,2,Information and communication technologies,ERDF,689265295,
Hungary,2,Information and communication technologies,ESF,,
Hungary,2,Information and communication technologies,CF,,
Hungary,2,Information and communication technologies,Total,689265295,3.2%
Hungary,3,SME competitiveness,ERDF,2071435900,
Hungary,3,SME competitiveness,ESF,,
Hungary,3,SME competitiveness,CF,,
Hungary,3,SME competitiveness,Total,2071435900,9.7%
Hungary,4,Low carbon economy,ERDF,1425387797,
Hungary,4,Low carbon economy,ESF,,
Hungary,4,Low carbon economy,CF,845597151,
Hungary,4,Low carbon economy,Total,2270984948,10.7%
Hungary,5,Climate change and risk prevention,ERDF,,
Hungary,5,Climate change and risk prevention,ESF,,
Hungary,5,Climate change and risk prevention,CF,888196396,
Hungary,5,Climate change and risk prevention,Total,888196396,4.2%
Hungary,6,Environment and resource efficiency,ERDF,1011757443,
Hungary,6,Environment and resource efficiency,ESF,,
Hungary,6,Environment and resource efficiency,CF,1397475387,
Hungary,6,Environment and resource efficiency,Total,2409232830,11.3%
Hungary,7,Transport and energy networks,ERDF,631099276,
Hungary,7,Transport and energy networks,ESF,,
Hungary,7,Transport and energy networks,CF,1397475387,
Hungary,7,Transport and energy networks,Total,2028574663,15.6%
Hungary,8,Employment and labour market,ERDF,1497946769,
Hungary,8,Employment and labour market,ESF,1723979610,
Hungary,8,Employment and labour market,CF,,
Hungary,8,Employment and labour market,Total,3221926379,15.1%
Hungary,9,Social inclusion,ERDF,862827154,
Hungary,9,Social inclusion,ESF,1056904966,
Hungary,9,Social inclusion,CF,,
Hungary,9,Social inclusion,Total,1919732120,9%
Hungary,10,Education and training,ERDF,418200606,
Hungary,10,Education and training,ESF,1246399567,
Hungary,10,Education and training,CF,,
Hungary,10,Education and training,Total,1664600173,7.8%
Hungary,11,Efficient public administration,ERDF,,
Hungary,11,Efficient public administration,ESF,684855782,
Hungary,11,Efficient public administration,CF,,
Hungary,11,Efficient public administration,Total,684855782,3.2%
Hungary,,Technical Assistance,ERDF,,
Hungary,,Technical Assistance,ESF,,
Hungary,,Technical Assistance,CF,193449129,
Hungary,,Technical Assistance,Total,193449129,
Ireland,1,Research and innovation,ERDF,142000000,
Ireland,1,Research and innovation,ESF,,
Ireland,1,Research and innovation,CF,,
Ireland,1,Research and innovation,Total,142000000,15.1%
Ireland,2,Information and communication technologies,ERDF,75000000,
Ireland,2,Information and communication technologies,ESF,,
Ireland,2,Information and communication technologies,CF,,
Ireland,2,Information and communication technologies,Total,75000000,8%
Ireland,3,SME competitiveness,ERDF,63600000,
Ireland,3,SME competitiveness,ESF,,
Ireland,3,SME competitiveness,CF,,
Ireland,3,SME competitiveness,Total,63600000,6.8%
Ireland,4,Low carbon economy,ERDF,87500000,
Ireland,4,Low carbon economy,ESF,,
Ireland,4,Low carbon economy,CF,,
Ireland,4,Low carbon economy,Total,87500000,9.3%
Ireland,5,Climate change and risk prevention,ERDF,,
Ireland,5,Climate change and risk prevention,ESF,,
Ireland,5,Climate change and risk prevention,CF,,
Ireland,5,Climate change and risk prevention,Total,,0%
Ireland,6,Environment and resource efficiency,ERDF,37000000,
Ireland,6,Environment and resource efficiency,ESF,,
Ireland,6,Environment and resource efficiency,CF,,
Ireland,6,Environment and resource efficiency,Total,37000000,3.9%
Ireland,7,Transport and energy networks,ERDF,,
Ireland,7,Transport and energy networks,ESF,,
Ireland,7,Transport and energy networks,CF,,
Ireland,7,Transport and energy networks,Total,,0%
Ireland,8,Employment and labour market,ERDF,,
Ireland,8,Employment and labour market,ESF,230930203,
Ireland,8,Employment and labour market,CF,,
Ireland,8,Employment and labour market,Total,230930203,24.6%
Ireland,9,Social inclusion,ERDF,,
Ireland,9,Social inclusion,ESF,193807784,
Ireland,9,Social inclusion,CF,,
Ireland,9,Social inclusion,Total,193807784,20.7%
Ireland,10,Education and training,ERDF,,
Ireland,10,Education and training,ESF,107698574,
Ireland,10,Education and training,CF,,
Ireland,10,Education and training,Total,107698574,11.5%
Ireland,11,Efficient public administration,ERDF,,
Ireland,11,Efficient public administration,ESF,,
Ireland,11,Efficient public administration,CF,,
Ireland,11,Efficient public administration,Total,,0%
Ireland,,Technical Assistance,ERDF,4106529,
Ireland,,Technical Assistance,ESF,10000000,
Ireland,,Technical Assistance,CF,,
Ireland,,Technical Assistance,Total,14106529,
Italy,1,Research and innovation,ERDF,3352732750,
Italy,1,Research and innovation,ESF,,
Italy,1,Research and innovation,CF,,
Italy,1,Research and innovation,Total,3352732750,11.2%
Italy,2,Information and communication technologies,ERDF,1845504323,
Italy,2,Information and communication technologies,ESF,,
Italy,2,Information and communication technologies,CF,,
Italy,2,Information and communication technologies,Total,1845504323,6.1%
Italy,3,SME competitiveness,ERDF,3575305306,
Italy,3,SME competitiveness,ESF,,
Italy,3,SME competitiveness,CF,,
Italy,3,SME competitiveness,Total,3575305306,11.9%
Italy,4,Low carbon economy,ERDF,3138588253,
Italy,4,Low carbon economy,ESF,,
Italy,4,Low carbon economy,CF,,
Italy,4,Low carbon economy,Total,3138588253,10.4%
Italy,5,Climate change and risk prevention,ERDF,811940737,
Italy,5,Climate change and risk prevention,ESF,,
Italy,5,Climate change and risk prevention,CF,,
Italy,5,Climate change and risk prevention,Total,811940737,2.7%
Italy,6,Environment and resource efficiency,ERDF,2341635635,
Italy,6,Environment and resource efficiency,ESF,,
Italy,6,Environment and resource efficiency,CF,,
Italy,6,Environment and resource efficiency,Total,2341635635,7.8%
Italy,7,Transport and energy networks,ERDF,2473508219,
Italy,7,Transport and energy networks,ESF,,
Italy,7,Transport and energy networks,CF,,
Italy,7,Transport and energy networks,Total,2473508219,8.2%
Italy,8,Employment and labour market,ERDF,,
Italy,8,Employment and labour market,ESF,4086525781,
Italy,8,Employment and labour market,CF,,
Italy,8,Employment and labour market,Total,4086525781,13.6%
Italy,9,Social inclusion,ERDF,1032878241,
Italy,9,Social inclusion,ESF,2268939326,
Italy,9,Social inclusion,CF,,
Italy,9,Social inclusion,Total,3301817567,11%
Italy,10,Education and training,ERDF,959569504,
Italy,10,Education and training,ESF,3156363673,
Italy,10,Education and training,CF,,
Italy,10,Education and training,Total,4115933177,13.7%
Italy,11,Efficient public administration,ERDF,410195781,
Italy,11,Efficient public administration,ESF,593825308,
Italy,11,Efficient public administration,CF,,
Italy,11,Efficient public administration,Total,1004021089,3.3%
Italy,,Technical Assistance,ERDF,709640877,
Italy,,Technical Assistance,ESF,361589142,
Italy,,Technical Assistance,CF,,
Italy,,Technical Assistance,Total,1071230019,
Latvia,1,Research and innovation,ERDF,467519706,
Latvia,1,Research and innovation,ESF,,
Latvia,1,Research and innovation,CF,,
Latvia,1,Research and innovation,Total,467519706,10.9%
Latvia,2,Information and communication technologies,ERDF,172783829,
Latvia,2,Information and communication technologies,ESF,,
Latvia,2,Information and communication technologies,CF,,
Latvia,2,Information and communication technologies,Total,172783829,4%
Latvia,3,SME competitiveness,ERDF,296191300,
Latvia,3,SME competitiveness,ESF,,
Latvia,3,SME competitiveness,CF,,
Latvia,3,SME competitiveness,Total,296191300,6.9%
Latvia,4,Low carbon economy,ERDF,286344229,
Latvia,4,Low carbon economy,ESF,,
Latvia,4,Low carbon economy,CF,194266292,
Latvia,4,Low carbon economy,Total,480610521,11.2%
Latvia,5,Climate change and risk prevention,ERDF,65819321,
Latvia,5,Climate change and risk prevention,ESF,,
Latvia,5,Climate change and risk prevention,CF,,
Latvia,5,Climate change and risk prevention,Total,65819321,1.5%
Latvia,6,Environment and resource efficiency,ERDF,367097718,
Latvia,6,Environment and resource efficiency,ESF,,
Latvia,6,Environment and resource efficiency,CF,190138398,
Latvia,6,Environment and resource efficiency,Total,557236116,13%
Latvia,7,Transport and energy networks,ERDF,235477563,
Latvia,7,Transport and energy networks,ESF,,
Latvia,7,Transport and energy networks,CF,924294295,
Latvia,7,Transport and energy networks,Total,1159771858,27%
Latvia,8,Employment and labour market,ERDF,,
Latvia,8,Employment and labour market,ESF,135410788,
Latvia,8,Employment and labour market,CF,,
Latvia,8,Employment and labour market,Total,135410788,3.2%
Latvia,9,Social inclusion,ERDF,193377447,
Latvia,9,Social inclusion,ESF,225160750,
Latvia,9,Social inclusion,CF,,
Latvia,9,Social inclusion,Total,418538197,9.8%
Latvia,10,Education and training,ERDF,277460786,
Latvia,10,Education and training,ESF,238500493,
Latvia,10,Education and training,CF,,
Latvia,10,Education and training,Total,515961279,12%
Latvia,11,Efficient public administration,ERDF,,
Latvia,11,Efficient public administration,ESF,18063357,
Latvia,11,Efficient public administration,CF,,
Latvia,11,Efficient public administration,Total,18063357,0.4%
Latvia,,Technical Assistance,ERDF,39180553,
Latvia,,Technical Assistance,ESF,21420040,
Latvia,,Technical Assistance,CF,40715710,
Latvia,,Technical Assistance,Total,101316303,
Lithuania,1,Research and innovation,ERDF,678878835,
Lithuania,1,Research and innovation,ESF,,
Lithuania,1,Research and innovation,CF,,
Lithuania,1,Research and innovation,Total,678878835,10.5%
Lithuania,2,Information and communication technologies,ERDF,244037284,
Lithuania,2,Information and communication technologies,ESF,,
Lithuania,2,Information and communication technologies,CF,,
Lithuania,2,Information and communication technologies,Total,244037284,3.8%
Lithuania,3,SME competitiveness,ERDF,531603253,
Lithuania,3,SME competitiveness,ESF,,
Lithuania,3,SME competitiveness,CF,,
Lithuania,3,SME competitiveness,Total,531603253,8.2%
Lithuania,4,Low carbon economy,ERDF,517201697,
Lithuania,4,Low carbon economy,ESF,,
Lithuania,4,Low carbon economy,CF,454118432,
Lithuania,4,Low carbon economy,Total,971320129,15%
Lithuania,5,Climate change and risk prevention,ERDF,4064010,
Lithuania,5,Climate change and risk prevention,ESF,,
Lithuania,5,Climate change and risk prevention,CF,104842447,
Lithuania,5,Climate change and risk prevention,Total,108906457,1.7%
Lithuania,6,Environment and resource efficiency,ERDF,189613699,
Lithuania,6,Environment and resource efficiency,ESF,,
Lithuania,6,Environment and resource efficiency,CF,539257440,
Lithuania,6,Environment and resource efficiency,Total,728871139,11.3%
Lithuania,7,Transport and energy networks,ERDF,390625213,
Lithuania,7,Transport and energy networks,ESF,,
Lithuania,7,Transport and energy networks,CF,763156109,
Lithuania,7,Transport and energy networks,Total,1153781322,17.8%
Lithuania,8,Employment and labour market,ERDF,421299136,
Lithuania,8,Employment and labour market,ESF,275504430,
Lithuania,8,Employment and labour market,CF,,
Lithuania,8,Employment and labour market,Total,696803566,10.8%
Lithuania,9,Social inclusion,ERDF,315540145,
Lithuania,9,Social inclusion,ESF,220294386,
Lithuania,9,Social inclusion,CF,,
Lithuania,9,Social inclusion,Total,535834531,8.3%
Lithuania,10,Education and training,ERDF,208548495,
Lithuania,10,Education and training,ESF,455313921,
Lithuania,10,Education and training,CF,,
Lithuania,10,Education and training,Total,663862416,10.3%
Lithuania,11,Efficient public administration,ERDF,,
Lithuania,11,Efficient public administration,ESF,150359184,
Lithuania,11,Efficient public administration,CF,,
Lithuania,11,Efficient public administration,Total,150359184,2.3%
Lithuania,,Technical Assistance,ERDF,,
Lithuania,,Technical Assistance,ESF,25812183,
Lithuania,,Technical Assistance,CF,187543198,
Lithuania,,Technical Assistance,Total,213355381,
Luxembourg,1,Research and innovation,ERDF,9166129,
Luxembourg,1,Research and innovation,ESF,,
Luxembourg,1,Research and innovation,CF,,
Luxembourg,1,Research and innovation,Total,9166129,24.7%
Luxembourg,2,Information and communication technologies,ERDF,,
Luxembourg,2,Information and communication technologies,ESF,,
Luxembourg,2,Information and communication technologies,CF,,
Luxembourg,2,Information and communication technologies,Total,,0%
Luxembourg,3,SME competitiveness,ERDF,,
Luxembourg,3,SME competitiveness,ESF,,
Luxembourg,3,SME competitiveness,CF,,
Luxembourg,3,SME competitiveness,Total,,0%
Luxembourg,4,Low carbon economy,ERDF,9166129,
Luxembourg,4,Low carbon economy,ESF,,
Luxembourg,4,Low carbon economy,CF,,
Luxembourg,4,Low carbon economy,Total,9166129,24.7%
Luxembourg,5,Climate change and risk prevention,ERDF,,
Luxembourg,5,Climate change and risk prevention,ESF,,
Luxembourg,5,Climate change and risk prevention,CF,,
Luxembourg,5,Climate change and risk prevention,Total,,0%
Luxembourg,6,Environment and resource efficiency,ERDF,,
Luxembourg,6,Environment and resource efficiency,ESF,,
Luxembourg,6,Environment and resource efficiency,CF,,
Luxembourg,6,Environment and resource efficiency,Total,,0%
Luxembourg,7,Transport and energy networks,ERDF,,
Luxembourg,7,Transport and energy networks,ESF,,
Luxembourg,7,Transport and energy networks,CF,,
Luxembourg,7,Transport and energy networks,Total,,0%
Luxembourg,8,Employment and labour market,ERDF,,
Luxembourg,8,Employment and labour market,ESF,10830360,
Luxembourg,8,Employment and labour market,CF,,
Luxembourg,8,Employment and labour market,Total,10830360,29.1%
Luxembourg,9,Social inclusion,ERDF,,
Luxembourg,9,Social inclusion,ESF,4011245,
Luxembourg,9,Social inclusion,CF,,
Luxembourg,9,Social inclusion,Total,4011245,10.8%
Luxembourg,10,Education and training,ERDF,,
Luxembourg,10,Education and training,ESF,4011245,
Luxembourg,10,Education and training,CF,,
Luxembourg,10,Education and training,Total,4011245,10.8%
Luxembourg,11,Efficient public administration,ERDF,,
Luxembourg,11,Efficient public administration,ESF,,
Luxembourg,11,Efficient public administration,CF,,
Luxembourg,11,Efficient public administration,Total,,0%
Luxembourg,,Technical Assistance,ERDF,1170144,
Luxembourg,,Technical Assistance,ESF,1203373,
Luxembourg,,Technical Assistance,CF,,
Luxembourg,,Technical Assistance,Total,2373518,
Malta,1,Research and innovation,ERDF,57653100,
Malta,1,Research and innovation,ESF,,
Malta,1,Research and innovation,CF,,
Malta,1,Research and innovation,Total,57653100,8.4%
Malta,2,Information and communication technologies,ERDF,30748320,
Malta,2,Information and communication technologies,ESF,,
Malta,2,Information and communication technologies,CF,,
Malta,2,Information and communication technologies,Total,30748320,4.5%
Malta,3,SME competitiveness,ERDF,57653100,
Malta,3,SME competitiveness,ESF,,
Malta,3,SME competitiveness,CF,,
Malta,3,SME competitiveness,Total,57653100,8.4%
Malta,4,Low carbon economy,ERDF,46122480,
Malta,4,Low carbon economy,ESF,,
Malta,4,Low carbon economy,CF,,
Malta,4,Low carbon economy,Total,46122480,6.7%
Malta,5,Climate change and risk prevention,ERDF,,
Malta,5,Climate change and risk prevention,ESF,,
Malta,5,Climate change and risk prevention,CF,,
Malta,5,Climate change and risk prevention,Total,,0%
Malta,6,Environment and resource efficiency,ERDF,76870798,
Malta,6,Environment and resource efficiency,ESF,,
Malta,6,Environment and resource efficiency,CF,141532371,
Malta,6,Environment and resource efficiency,Total,218403169,31.7%
Malta,7,Transport and energy networks,ERDF,28403760,
Malta,7,Transport and energy networks,ESF,,
Malta,7,Transport and energy networks,CF,76209738,
Malta,7,Transport and energy networks,Total,104613498,15.2%
Malta,8,Employment and labour market,ERDF,,
Malta,8,Employment and labour market,ESF,20800000,
Malta,8,Employment and labour market,CF,,
Malta,8,Employment and labour market,Total,20800000,3%
Malta,9,Social inclusion,ERDF,47198670,
Malta,9,Social inclusion,ESF,32000000,
Malta,9,Social inclusion,CF,,
Malta,9,Social inclusion,Total,79198670,11.5%
Malta,10,Education and training,ERDF,26904780,
Malta,10,Education and training,ESF,37939848,
Malta,10,Education and training,CF,,
Malta,10,Education and training,Total,64844628,9.4%
Malta,11,Efficient public administration,ERDF,,
Malta,11,Efficient public administration,ESF,8800000,
Malta,11,Efficient public administration,CF,,
Malta,11,Efficient public administration,Total,8800000,1.3%
Malta,,Technical Assistance,ERDF,12798989,
Malta,,Technical Assistance,ESF,6353600,
Malta,,Technical Assistance,CF,,
Malta,,Technical Assistance,Total,19152589,
Netherlands,1,Research and innovation,ERDF,332471268,
Netherlands,1,Research and innovation,ESF,,
Netherlands,1,Research and innovation,CF,,
Netherlands,1,Research and innovation,Total,332471268,34.1%
Netherlands,2,Information and communication technologies,ERDF,,
Netherlands,2,Information and communication technologies,ESF,,
Netherlands,2,Information and communication technologies,CF,,
Netherlands,2,Information and communication technologies,Total,,0%
Netherlands,3,SME competitiveness,ERDF,,
Netherlands,3,SME competitiveness,ESF,,
Netherlands,3,SME competitiveness,CF,,
Netherlands,3,SME competitiveness,Total,,0%
Netherlands,4,Low carbon economy,ERDF,121339440,
Netherlands,4,Low carbon economy,ESF,,
Netherlands,4,Low carbon economy,CF,,
Netherlands,4,Low carbon economy,Total,121339440,12.5%
Netherlands,5,Climate change and risk prevention,ERDF,,
Netherlands,5,Climate change and risk prevention,ESF,,
Netherlands,5,Climate change and risk prevention,CF,,
Netherlands,5,Climate change and risk prevention,Total,,0%
Netherlands,6,Environment and resource efficiency,ERDF,,
Netherlands,6,Environment and resource efficiency,ESF,,
Netherlands,6,Environment and resource efficiency,CF,,
Netherlands,6,Environment and resource efficiency,Total,,0%
Netherlands,7,Transport and energy networks,ERDF,,
Netherlands,7,Transport and energy networks,ESF,,
Netherlands,7,Transport and energy networks,CF,,
Netherlands,7,Transport and energy networks,Total,,0%
Netherlands,8,Employment and labour market,ERDF,11659647,
Netherlands,8,Employment and labour market,ESF,126000000,
Netherlands,8,Employment and labour market,CF,,
Netherlands,8,Employment and labour market,Total,137659647,14.1%
Netherlands,9,Social inclusion,ERDF,21555994,
Netherlands,9,Social inclusion,ESF,361025499,
Netherlands,9,Social inclusion,CF,,
Netherlands,9,Social inclusion,Total,382581493,39.3%
Netherlands,10,Education and training,ERDF,,
Netherlands,10,Education and training,ESF,,
Netherlands,10,Education and training,CF,,
Netherlands,10,Education and training,Total,,0%
Netherlands,11,Efficient public administration,ERDF,,
Netherlands,11,Efficient public administration,ESF,,
Netherlands,11,Efficient public administration,CF,,
Netherlands,11,Efficient public administration,Total,,0%
Netherlands,,Technical Assistance,ERDF,20291879,
Netherlands,,Technical Assistance,ESF,20292729,
Netherlands,,Technical Assistance,CF,,
Netherlands,,Technical Assistance,Total,40584608,
Poland,1,Research and innovation,ERDF,9920577133,
Poland,1,Research and innovation,ESF,,
Poland,1,Research and innovation,CF,,
Poland,1,Research and innovation,Total,9920577133,13.5%
Poland,2,Information and communication technologies,ERDF,3082161211,
Poland,2,Information and communication technologies,ESF,,
Poland,2,Information and communication technologies,CF,,
Poland,2,Information and communication technologies,Total,3082161211,4.2%
Poland,3,SME competitiveness,ERDF,5608753712,
Poland,3,SME competitiveness,ESF,,
Poland,3,SME competitiveness,CF,,
Poland,3,SME competitiveness,Total,5608753712,7.6%
Poland,4,Low carbon economy,ERDF,5652297109,
Poland,4,Low carbon economy,ESF,,
Poland,4,Low carbon economy,CF,3537614632,
Poland,4,Low carbon economy,Total,9189911741,12.5%
Poland,5,Climate change and risk prevention,ERDF,418974997,
Poland,5,Climate change and risk prevention,ESF,,
Poland,5,Climate change and risk prevention,CF,700000000,
Poland,5,Climate change and risk prevention,Total,1118974997,1.5%
Poland,6,Environment and resource efficiency,ERDF,2764009074,
Poland,6,Environment and resource efficiency,ESF,,
Poland,6,Environment and resource efficiency,CF,3108174167,
Poland,6,Environment and resource efficiency,Total,5872183241,8%
Poland,7,Transport and energy networks,ERDF,8963943906,
Poland,7,Transport and energy networks,ESF,,
Poland,7,Transport and energy networks,CF,14832076880,
Poland,7,Transport and energy networks,Total,23796020786,32.5%
Poland,8,Employment and labour market,ERDF,219214988,
Poland,8,Employment and labour market,ESF,5032446285,
Poland,8,Employment and labour market,CF,,
Poland,8,Employment and labour market,Total,5251661273,7.2%
Poland,9,Social inclusion,ERDF,2634044018,
Poland,9,Social inclusion,ESF,2673616270,
Poland,9,Social inclusion,CF,,
Poland,9,Social inclusion,Total,5307660288,7.2%
Poland,10,Education and training,ERDF,551234567,
Poland,10,Education and training,ESF,3439718091,
Poland,10,Education and training,CF,,
Poland,10,Education and training,Total,3990952658,5.4%
Poland,11,Efficient public administration,ERDF,,
Poland,11,Efficient public administration,ESF,188979120,
Poland,11,Efficient public administration,CF,,
Poland,11,Efficient public administration,Total,188979120,0.3%
Poland,,Technical Assistance,ERDF,398659520,
Poland,,Technical Assistance,ESF,1186872322,
Poland,,Technical Assistance,CF,1030123363,
Poland,,Technical Assistance,Total,2615655205,
Portugal,1,Research and innovation,ERDF,2328812052,
Portugal,1,Research and innovation,ESF,,
Portugal,1,Research and innovation,CF,,
Portugal,1,Research and innovation,Total,2328812052,11.3%
Portugal,2,Information and communication technologies,ERDF,294924687,
Portugal,2,Information and communication technologies,ESF,,
Portugal,2,Information and communication technologies,CF,,
Portugal,2,Information and communication technologies,Total,294924687,1.4%
Portugal,3,SME competitiveness,ERDF,4567989848,
Portugal,3,SME competitiveness,ESF,,
Portugal,3,SME competitiveness,CF,,
Portugal,3,SME competitiveness,Total,4567989848,22.2%
Portugal,4,Low carbon economy,ERDF,833114998,
Portugal,4,Low carbon economy,ESF,,
Portugal,4,Low carbon economy,CF,757000000,
Portugal,4,Low carbon economy,Total,1590114998,7.7%
Portugal,5,Climate change and risk prevention,ERDF,31800000,
Portugal,5,Climate change and risk prevention,ESF,,
Portugal,5,Climate change and risk prevention,CF,401242164,
Portugal,5,Climate change and risk prevention,Total,433042164,2.1%
Portugal,6,Environment and resource efficiency,ERDF,791020771,
Portugal,6,Environment and resource efficiency,ESF,,
Portugal,6,Environment and resource efficiency,CF,1045000000,
Portugal,6,Environment and resource efficiency,Total,1836020771,8.9%
Portugal,7,Transport and energy networks,ERDF,293613500,
Portugal,7,Transport and energy networks,ESF,,
Portugal,7,Transport and energy networks,CF,609000000,
Portugal,7,Transport and energy networks,Total,902613500,4.4%
Portugal,8,Employment and labour market,ERDF,152000000,
Portugal,8,Employment and labour market,ESF,1692026507,
Portugal,8,Employment and labour market,CF,,
Portugal,8,Employment and labour market,Total,1844026507,9%
Portugal,9,Social inclusion,ERDF,529821585,
Portugal,9,Social inclusion,ESF,1630789998,
Portugal,9,Social inclusion,CF,,
Portugal,9,Social inclusion,Total,2160611583,10.5%
Portugal,10,Education and training,ERDF,481488271,
Portugal,10,Education and training,ESF,3845767381,
Portugal,10,Education and training,CF,,
Portugal,10,Education and training,Total,4327255652,21.1%
Portugal,11,Efficient public administration,ERDF,,
Portugal,11,Efficient public administration,ESF,249696283,
Portugal,11,Efficient public administration,CF,,
Portugal,11,Efficient public administration,Total,249696283,1.2%
Portugal,,Technical Assistance,ERDF,468910000,
Portugal,,Technical Assistance,ESF,128252100,
Portugal,,Technical Assistance,CF,49500000,
Portugal,,Technical Assistance,Total,646662100,
Romania,1,Research and innovation,ERDF,973404255,
Romania,1,Research and innovation,ESF,,
Romania,1,Research and innovation,CF,,
Romania,1,Research and innovation,Total,973404255,4.5%
Romania,2,Information and communication technologies,ERDF,531914894,
Romania,2,Information and communication technologies,ESF,,
Romania,2,Information and communication technologies,CF,,
Romania,2,Information and communication technologies,Total,531914894,2.4%
Romania,3,SME competitiveness,ERDF,744680850,
Romania,3,SME competitiveness,ESF,,
Romania,3,SME competitiveness,CF,,
Romania,3,SME competitiveness,Total,744680850,3.4%
Romania,4,Low carbon economy,ERDF,3248063830,
Romania,4,Low carbon economy,ESF,,
Romania,4,Low carbon economy,CF,159574468,
Romania,4,Low carbon economy,Total,3407638298,15.6%
Romania,5,Climate change and risk prevention,ERDF,,
Romania,5,Climate change and risk prevention,ESF,,
Romania,5,Climate change and risk prevention,CF,478723404,
Romania,5,Climate change and risk prevention,Total,478723404,2.2%
Romania,6,Environment and resource efficiency,ERDF,926404255,
Romania,6,Environment and resource efficiency,ESF,,
Romania,6,Environment and resource efficiency,CF,2892443785,
Romania,6,Environment and resource efficiency,Total,3818848040,17.5%
Romania,7,Transport and energy networks,ERDF,2728208359,
Romania,7,Transport and energy networks,ESF,,
Romania,7,Transport and energy networks,CF,3404255320,
Romania,7,Transport and energy networks,Total,6132463679,28.1%
Romania,8,Employment and labour market,ERDF,101063830,
Romania,8,Employment and labour market,ESF,1563930485,
Romania,8,Employment and labour market,CF,,
Romania,8,Employment and labour market,Total,1664994315,7.6%
Romania,9,Social inclusion,ERDF,521276596,
Romania,9,Social inclusion,ESF,1133855426,
Romania,9,Social inclusion,CF,,
Romania,9,Social inclusion,Total,1655132022,7.6%
Romania,10,Education and training,ERDF,361702128,
Romania,10,Education and training,ESF,1257101071,
Romania,10,Education and training,CF,,
Romania,10,Education and training,Total,1618803199,7.4%
Romania,11,Efficient public administration,ERDF,265957447,
Romania,11,Efficient public administration,ESF,531063830,
Romania,11,Efficient public administration,CF,,
Romania,11,Efficient public administration,Total,797021277,3.7%
Romania,,Technical Assistance,ERDF,323404255,
Romania,,Technical Assistance,ESF,288085106,
Romania,,Technical Assistance,CF,,
Romania,,Technical Assistance,Total,611489361,
Slovakia,1,Research and innovation,ERDF,1797792387,
Slovakia,1,Research and innovation,ESF,,
Slovakia,1,Research and innovation,CF,,
Slovakia,1,Research and innovation,Total,1797792387,16%
Slovakia,2,Information and communication technologies,ERDF,805516752,
Slovakia,2,Information and communication technologies,ESF,,
Slovakia,2,Information and communication technologies,CF,,
Slovakia,2,Information and communication technologies,Total,805516752,6.1%
Slovakia,3,SME competitiveness,ERDF,398984150,
Slovakia,3,SME competitiveness,ESF,,
Slovakia,3,SME competitiveness,CF,,
Slovakia,3,SME competitiveness,Total,398984150,3%
Slovakia,4,Low carbon economy,ERDF,1050275034,
Slovakia,4,Low carbon economy,ESF,,
Slovakia,4,Low carbon economy,CF,,
Slovakia,4,Low carbon economy,Total,1050275034,8%
Slovakia,5,Climate change and risk prevention,ERDF,260901369,
Slovakia,5,Climate change and risk prevention,ESF,,
Slovakia,5,Climate change and risk prevention,CF,419346261,
Slovakia,5,Climate change and risk prevention,Total,680247630,5.2%
Slovakia,6,Environment and resource efficiency,ERDF,88328116,
Slovakia,6,Environment and resource efficiency,ESF,,
Slovakia,6,Environment and resource efficiency,CF,1441766000,
Slovakia,6,Environment and resource efficiency,Total,1530094116,11.6%
Slovakia,7,Transport and energy networks,ERDF,1187989455,
Slovakia,7,Transport and energy networks,ESF,,
Slovakia,7,Transport and energy networks,CF,2307139166,
Slovakia,7,Transport and energy networks,Total,3495128621,26.6%
Slovakia,8,Employment and labour market,ERDF,215860548,
Slovakia,8,Employment and labour market,ESF,918099996,
Slovakia,8,Employment and labour market,CF,,
Slovakia,8,Employment and labour market,Total,1133960544,8.6%
Slovakia,9,Social inclusion,ERDF,836575659,
Slovakia,9,Social inclusion,ESF,433699291,
Slovakia,9,Social inclusion,CF,,
Slovakia,9,Social inclusion,Total,1270274950,9.7%
Slovakia,10,Education and training,ERDF,263000000,
Slovakia,10,Education and training,ESF,458746509,
Slovakia,10,Education and training,CF,,
Slovakia,10,Education and training,Total,721746509,5.5%
Slovakia,11,Efficient public administration,ERDF,,
Slovakia,11,Efficient public administration,ESF,267311313,
Slovakia,11,Efficient public administration,CF,,
Slovakia,11,Efficient public administration,Total,267311313,2%
Slovakia,,Technical Assistance,ERDF,455071912,
Slovakia,,Technical Assistance,ESF,89737971,
Slovakia,,Technical Assistance,CF,,
Slovakia,,Technical Assistance,Total,544809883,
Slovenia,1,Research and innovation,ERDF,461739161,
Slovenia,1,Research and innovation,ESF,,
Slovenia,1,Research and innovation,CF,,
Slovenia,1,Research and innovation,Total,461739161,16%
Slovenia,2,Information and communication technologies,ERDF,68518277,
Slovenia,2,Information and communication technologies,ESF,,
Slovenia,2,Information and communication technologies,CF,,
Slovenia,2,Information and communication technologies,Total,68518277,2.4%
Slovenia,3,SME competitiveness,ERDF,526078421,
Slovenia,3,SME competitiveness,ESF,,
Slovenia,3,SME competitiveness,CF,,
Slovenia,3,SME competitiveness,Total,526078421,18.2%
Slovenia,4,Low carbon economy,ERDF,21024205,
Slovenia,4,Low carbon economy,ESF,,
Slovenia,4,Low carbon economy,CF,260607798,
Slovenia,4,Low carbon economy,Total,281632003,9.8%
Slovenia,5,Climate change and risk prevention,ERDF,30000000,
Slovenia,5,Climate change and risk prevention,ESF,,
Slovenia,5,Climate change and risk prevention,CF,53021932,
Slovenia,5,Climate change and risk prevention,Total,83021932,2.9%
Slovenia,6,Environment and resource efficiency,ERDF,131125357,
Slovenia,6,Environment and resource efficiency,ESF,,
Slovenia,6,Environment and resource efficiency,CF,269111316,
Slovenia,6,Environment and resource efficiency,Total,400236673,13.9%
Slovenia,7,Transport and energy networks,ERDF,39668020,
Slovenia,7,Transport and energy networks,ESF,,
Slovenia,7,Transport and energy networks,CF,223092280,
Slovenia,7,Transport and energy networks,Total,262760301,9.1%
Slovenia,8,Employment and labour market,ERDF,,
Slovenia,8,Employment and labour market,ESF,287736602,
Slovenia,8,Employment and labour market,CF,,
Slovenia,8,Employment and labour market,Total,287736602,10%
Slovenia,9,Social inclusion,ERDF,75053657,
Slovenia,9,Social inclusion,ESF,145249585,
Slovenia,9,Social inclusion,CF,,
Slovenia,9,Social inclusion,Total,220303242,7.6%
Slovenia,10,Education and training,ERDF,20023291,
Slovenia,10,Education and training,ESF,208996759,
Slovenia,10,Education and training,CF,,
Slovenia,10,Education and training,Total,229020050,7.9%
Slovenia,11,Efficient public administration,ERDF,,
Slovenia,11,Efficient public administration,ESF,62073980,
Slovenia,11,Efficient public administration,CF,,
Slovenia,11,Efficient public administration,Total,62073980,2.2%
Slovenia,,Technical Assistance,ERDF,17162510,
Slovenia,,Technical Assistance,ESF,12868043,
Slovenia,,Technical Assistance,CF,89537036,
Slovenia,,Technical Assistance,Total,119567589,
Spain,1,Research and innovation,ERDF,4424158787,
Spain,1,Research and innovation,ESF,,
Spain,1,Research and innovation,CF,,
Spain,1,Research and innovation,Total,4424158787,16.6%
Spain,2,Information and communication technologies,ERDF,1997222953,
Spain,2,Information and communication technologies,ESF,,
Spain,2,Information and communication technologies,CF,,
Spain,2,Information and communication technologies,Total,1997222953,7.5%
Spain,3,SME competitiveness,ERDF,2820973785,
Spain,3,SME competitiveness,ESF,,
Spain,3,SME competitiveness,CF,,
Spain,3,SME competitiveness,Total,2820973785,10.6%
Spain,4,Low carbon economy,ERDF,3377282406,
Spain,4,Low carbon economy,ESF,,
Spain,4,Low carbon economy,CF,,
Spain,4,Low carbon economy,Total,3377282406,12.7%
Spain,5,Climate change and risk prevention,ERDF,224079133,
Spain,5,Climate change and risk prevention,ESF,,
Spain,5,Climate change and risk prevention,CF,,
Spain,5,Climate change and risk prevention,Total,224079133,0.8%
Spain,6,Environment and resource efficiency,ERDF,2404090617,
Spain,6,Environment and resource efficiency,ESF,,
Spain,6,Environment and resource efficiency,CF,,
Spain,6,Environment and resource efficiency,Total,2404090617,9%
Spain,7,Transport and energy networks,ERDF,2465539406,
Spain,7,Transport and energy networks,ESF,,
Spain,7,Transport and energy networks,CF,,
Spain,7,Transport and energy networks,Total,2465539406,9.3%
Spain,8,Employment and labour market,ERDF,50521584,
Spain,8,Employment and labour market,ESF,3595172476,
Spain,8,Employment and labour market,CF,,
Spain,8,Employment and labour market,Total,3645694060,13.7%
Spain,9,Social inclusion,ERDF,561285451,
Spain,9,Social inclusion,ESF,1944742719,
Spain,9,Social inclusion,CF,,
Spain,9,Social inclusion,Total,2506028170,9.4%
Spain,10,Education and training,ERDF,409881120,
Spain,10,Education and training,ESF,1879757967,
Spain,10,Education and training,CF,,
Spain,10,Education and training,Total,2289639087,8.6%
Spain,11,Efficient public administration,ERDF,484139101,
Spain,11,Efficient public administration,ESF,,
Spain,11,Efficient public administration,CF,,
Spain,11,Efficient public administration,Total,484139101,1.8%
Spain,,Technical Assistance,ERDF,189709435,
Spain,,Technical Assistance,ESF,169895975,
Spain,,Technical Assistance,CF,,
Spain,,Technical Assistance,Total,359605410,
Sweden,1,Research and innovation,ERDF,261129752,
Sweden,1,Research and innovation,ESF,,
Sweden,1,Research and innovation,CF,,
Sweden,1,Research and innovation,Total,261129752,15.8%
Sweden,2,Information and communication technologies,ERDF,95342503,
Sweden,2,Information and communication technologies,ESF,,
Sweden,2,Information and communication technologies,CF,,
Sweden,2,Information and communication technologies,Total,95342503,5.8%
Sweden,3,SME competitiveness,ERDF,296128381,
Sweden,3,SME competitiveness,ESF,,
Sweden,3,SME competitiveness,CF,,
Sweden,3,SME competitiveness,Total,296128381,18%
Sweden,4,Low carbon economy,ERDF,169998797,
Sweden,4,Low carbon economy,ESF,,
Sweden,4,Low carbon economy,CF,,
Sweden,4,Low carbon economy,Total,169998797,10.3%
Sweden,5,Climate change and risk prevention,ERDF,,
Sweden,5,Climate change and risk prevention,ESF,,
Sweden,5,Climate change and risk prevention,CF,,
Sweden,5,Climate change and risk prevention,Total,,0%
Sweden,6,Environment and resource efficiency,ERDF,,
Sweden,6,Environment and resource efficiency,ESF,,
Sweden,6,Environment and resource efficiency,CF,,
Sweden,6,Environment and resource efficiency,Total,,0%
Sweden,7,Transport and energy networks,ERDF,76434084,
Sweden,7,Transport and energy networks,ESF,,
Sweden,7,Transport and energy networks,CF,,
Sweden,7,Transport and energy networks,Total,76434084,4.6%
Sweden,8,Employment and labour market,ERDF,,
Sweden,8,Employment and labour market,ESF,379901990,
Sweden,8,Employment and labour market,CF,,
Sweden,8,Employment and labour market,Total,379901990,23%
Sweden,9,Social inclusion,ERDF,8164785,
Sweden,9,Social inclusion,ESF,154876201,
Sweden,9,Social inclusion,CF,,
Sweden,9,Social inclusion,Total,163040986,9.9%
Sweden,10,Education and training,ERDF,,
Sweden,10,Education and training,ESF,206830954,
Sweden,10,Education and training,CF,,
Sweden,10,Education and training,Total,206830954,12.5%
Sweden,11,Efficient public administration,ERDF,,
Sweden,11,Efficient public administration,ESF,,
Sweden,11,Efficient public administration,CF,,
Sweden,11,Efficient public administration,Total,,0%
Sweden,,Technical Assistance,ERDF,37799928,
Sweden,,Technical Assistance,ESF,32740509,
Sweden,,Technical Assistance,CF,,
Sweden,,Technical Assistance,Total,70540437,
United Kingdom,1,Research and innovation,ERDF,1393606945,
United Kingdom,1,Research and innovation,ESF,,
United Kingdom,1,Research and innovation,CF,,
United Kingdom,1,Research and innovation,Total,1393606945,13.4%
United Kingdom,2,Information and communication technologies,ERDF,241812709,
United Kingdom,2,Information and communication technologies,ESF,,
United Kingdom,2,Information and communication technologies,CF,,
United Kingdom,2,Information and communication technologies,Total,241812709,2.3%
United Kingdom,3,SME competitiveness,ERDF,2013197088,
United Kingdom,3,SME competitiveness,ESF,,
United Kingdom,3,SME competitiveness,CF,,
United Kingdom,3,SME competitiveness,Total,2013197088,19.3%
United Kingdom,4,Low carbon economy,ERDF,1339506458,
United Kingdom,4,Low carbon economy,ESF,,
United Kingdom,4,Low carbon economy,CF,,
United Kingdom,4,Low carbon economy,Total,1339506458,12.9%
United Kingdom,5,Climate change and risk prevention,ERDF,82063821,
United Kingdom,5,Climate change and risk prevention,ESF,,
United Kingdom,5,Climate change and risk prevention,CF,,
United Kingdom,5,Climate change and risk prevention,Total,82063821,0.8%
United Kingdom,6,Environment and resource efficiency,ERDF,155927647,
United Kingdom,6,Environment and resource efficiency,ESF,,
United Kingdom,6,Environment and resource efficiency,CF,,
United Kingdom,6,Environment and resource efficiency,Total,155927647,1.5%
United Kingdom,7,Transport and energy networks,ERDF,161631371,
United Kingdom,7,Transport and energy networks,ESF,,
United Kingdom,7,Transport and energy networks,CF,,
United Kingdom,7,Transport and energy networks,Total,161631371,1.6%
United Kingdom,8,Employment and labour market,ERDF,167080903,
United Kingdom,8,Employment and labour market,ESF,1632883039,
United Kingdom,8,Employment and labour market,CF,,
United Kingdom,8,Employment and labour market,Total,1799963942,17.3%
United Kingdom,9,Social inclusion,ERDF,75406726,
United Kingdom,9,Social inclusion,ESF,1094145089,
United Kingdom,9,Social inclusion,CF,,
United Kingdom,9,Social inclusion,Total,1169551815,11.2%
United Kingdom,10,Education and training,ERDF,,
United Kingdom,10,Education and training,ESF,2051463064,
United Kingdom,10,Education and training,CF,,
United Kingdom,10,Education and training,Total,2051463064,19.7%
United Kingdom,11,Efficient public administration,ERDF,,
United Kingdom,11,Efficient public administration,ESF,,
United Kingdom,11,Efficient public administration,CF,,
United Kingdom,11,Efficient public administration,Total,,0%
United Kingdom,,Technical Assistance,ERDF,195350619,
United Kingdom,,Technical Assistance,ESF,164102501,
United Kingdom,,Technical Assistance,CF,,
United Kingdom,,Technical Assistance,Total,359453120,
European Union,1,Research and innovation,ERDF,40205935142.3,
European Union,1,Research and innovation,ESF,,
European Union,1,Research and innovation,CF,,
European Union,1,Research and innovation,Total,40205935142.3,12.3%
European Union,2,Information and communication technologies,ERDF,13484192246.859999,
European Union,2,Information and communication technologies,ESF,,
European Union,2,Information and communication technologies,CF,,
European Union,2,Information and communication technologies,Total,13484192246.859999,4.1%
European Union,3,SME competitiveness,ERDF,32421834355.88,
European Union,3,SME competitiveness,ESF,,
European Union,3,SME competitiveness,CF,,
European Union,3,SME competitiveness,Total,32421834355.88,10%
European Union,4,Low carbon economy,ERDF,30586793326.3,
European Union,4,Low carbon economy,ESF,,
European Union,4,Low carbon economy,CF,6997522746,
European Union,4,Low carbon economy,Total,37584316072.7,11.5%
European Union,5,Climate change and risk prevention,ERDF,3465516768.48,
European Union,5,Climate change and risk prevention,ESF,,
European Union,5,Climate change and risk prevention,CF,3631622876,
European Union,5,Climate change and risk prevention,Total,7097139644.589999,2.2%
European Union,6,Environment and resource efficiency,ERDF,15795644580.669998,
European Union,6,Environment and resource efficiency,ESF,,
European Union,6,Environment and resource efficiency,CF,17165586215,
European Union,6,Environment and resource efficiency,Total,32961230795.64,10.1%
European Union,7,Transport and energy networks,ERDF,25236778265.85,
European Union,7,Transport and energy networks,ESF,,
European Union,7,Transport and energy networks,CF,33460871578,
European Union,7,Transport and energy networks,Total,58697649844.24,18%
European Union,8,Employment and labour market,ERDF,3064155974,
European Union,8,Employment and labour market,ESF,30917417243.81,
European Union,8,Employment and labour market,CF,,
European Union,8,Employment and labour market,Total,33981573217.81,10.4%
European Union,9,Social inclusion,ERDF,10780020735.61,
European Union,9,Social inclusion,ESF,21684736601.17,
European Union,9,Social inclusion,CF,,
European Union,9,Social inclusion,Total,32464757336.780003,10%
European Union,10,Education and training,ERDF,5918363053.9800005,
European Union,10,Education and training,ESF,25930842304.62,
European Union,10,Education and training,CF,,
European Union,10,Education and training,Total,31849205358.6,9.8%
European Union,11,Efficient public administration,ERDF,1343931603,
European Union,11,Efficient public administration,ESF,3642477544.07,
European Union,11,Efficient public administration,CF,,
European Union,11,Efficient public administration,Total,4986409147.070001,1.5%
European Union,,Technical Assistance,ERDF,4823519684.67,
European Union,,Technical Assistance,ESF,3582779490.33,
European Union,,Technical Assistance,CF,2144134641,
European Union,,Technical Assistance,Total,10550433816.130001,
